Mario Speedwagon,(856) 614-3801,cadam21@yahoo.com,04/25/16
Petey Cruiser,(973) 328-6490,adamsrib@ktis.net,04/16/14
Anna Sthesia,(973) 680-3518,dpc31351@yahoo.com,02/07/51
Paul Molive,(908) 820-3969,albs56@aol.com,11/11/83
Anna Mull,(201) 996-8021,lee73120@aol.com,08/30/15
Gail Forcewind,(609) 561-1485,rlalphonse@sault.com,01/26/94
Paige Turner,(201) 217-4602,PMACLJA@aol.com,12/03/67
Bob Frapples,(973) 328-6490,alfranbensam@charter.net,08/10/47
Walter Melon,(732) 775-5131,rbinhood0063@aol.com,05/04/18
Nick R. Bocker,(732) 937-4525,asku3@verizon.net,04/04/55
Barb Ackue,(973) 648-7601,alicearnie@aol.com,02/09/01
Buck Kinnear,(973) 383-4432,bevdnewsome@yahoo.com,08/05/89
Greta Life,(888) 795-6672,kbaker4640@aol.com,06/22/20
Ira Membrit,(973) 458-6724,donbarnes@aol.com,06/25/16
Shonda Leer,(973) 977-4307,Rogbaron@aol.com,10/30/49
Brock Lee,(732) 937-4525,gramanina@aol.com,04/04/91
Maya Didas,(908) 859-5467,Billbasnett@cox.net,08/24/23
Rick O'Shea,(908) 412-7779,julesb728@yahoo.com,11/01/70
Pete Sariya,(609) 441-7581,Rbattiat@comcast.net,07/06/74
Monty Carlo,(856) 935-6289,jimbauer@castles.com,06/16/85
Sal Monella,(908) 704-3366,mtbecks@optimum.net,02/17/16
Sue Vaneer,(856) 853-4177,edsuebecker451@wowway.com,05/26/94
Cliff Hanger,(732) 286-6460,JB285@AOL.com,03/16/68
Barb Dwyer,(609) 292-6800,donbenchoff@comcast.net,11/26/23
Terry Aki,(856) 696-6591,vpb67@bex.net,10/15/24
Cory Ander,(609) 518-3923,wbensel@infoave.net,04/09/60
Robin Banks,(609) 729-0873,bensops5177@comcast.net,02/01/20
Jimmy Changa,(822) 558-1345,myrtle710@aol.com,02/05/37
Barry Wine,(855) 844-5457,IRCLOVER@worldnet.att.net,08/14/42
Wilma Mumduya,(811) 231-5703,jb710@zoominternet.net,01/20/01
Buster Hyman,(855) 878-7014,joespalace@msn.com,12/22/22
Poppa Cherry,(833) 738-0732,cb06199@gmail.com,06/10/80
Zack Lee,(833) 871-3292,bireschj@verizon.net,03/10/61
Don Stairs,(844) 330-0443,marybiresch@yahoo.com,12/17/63
Saul T. Balls,(855) 110-2359,dbish67933@aol.com,10/29/04
Peter Pants,(899) 871-5131,rbish7@aol.com,02/15/65
Hal Appeno ,(811) 123-3158,GBitsoli@cox.net,02/12/11
Otto Matic,(833) 996-3497,BOARD617@ATT.NET,05/06/19
Moe Fugga,(833) 079-4284,GREAT MOMAD@AOL.COM,07/17/45
Graham Cracker,(899) 656-7977,kebrooks@snet.net,05/20/21
Tom Foolery,(899) 004-2527,bill@keithtv.com,10/21/94
Al Dente,(833) 239-6363,philliac@aol.com,12/05/66
Bud Wiser,(844) 428-6027,bobbugert@aol.com,10/18/71
Polly Tech,(822) 734-7117,bbullens@charter.net,06/22/42
Holly Graham,(899) 113-7403,eburket1@cox.net,06/18/03
Frank N. Stein,(822) 423-7861,moosefan35@yahoo.com,06/14/68
Cam L. Toe,(855) 909-9276,srburr@comcast.net,05/30/45
Pat Agonia,(899) 107-2153,FISHONTHESANDIPEARL@prodigy.net,09/27/10
Tara Zona,(844) 671-1848,jc852@aol.com,03/26/33
Barry Cade,(855) 620-5928,riccarah@aol.com,09/22/91
